{"17d23deff71e9734de0d47d806eac134:5bd835b0d6b1d4ada3b9f0db936e82c8":{"statistic":{"failed":0,"broken":0,"skipped":0,"passed":1,"unknown":0,"total":1},"items":[{"uid":"4bb44004da4cc5f8","status":"passed","time":{"start":1753887315595,"stop":1753887316510,"duration":915}}]},"b394ef2cda8776e1f92ec0fd0135c0c0:5bd835b0d6b1d4ada3b9f0db936e82c8":{"statistic":{"failed":0,"broken":0,"skipped":0,"passed":1,"unknown":0,"total":1},"items":[{"uid":"21a3b98af91cb859","status":"passed","time":{"start":1753886905714,"stop":1753886906451,"duration":737}}]},"fea1d8f1cbf3c9056c7cd673161cdfb5:5bd835b0d6b1d4ada3b9f0db936e82c8":{"statistic":{"failed":1,"broken":0,"skipped":0,"passed":0,"unknown":0,"total":1},"items":[{"uid":"1d0eeea75bdc521c","status":"failed","statusDetails":"Error: Timed out 5000ms waiting for expect(locator).toContainText(expected)\n\nLocator: locator('b')\nExpected string: \"Result: 8.111111111111111111111111111111 + a = 8.111111111111111111111111111111 (with  fraction digits)\"\nReceived string: \"Result: 8.111111111111111111111111111111 + a =  (with  fraction digits)\"\nCall log:\n  - Expect \"toContainText\" with timeout 5000ms\n  - waiting for locator('b')\n    9 × locator resolved to <b>Result: 8.111111111111111111111111111111 + a =  (…</b>\n      - unexpected value \"Result: 8.111111111111111111111111111111 + a =  (with  fraction digits)\"\n","time":{"start":1753887316616,"stop":1753887322256,"duration":5640}}]},"5874adc87675e7583b01b46481012c36:5bd835b0d6b1d4ada3b9f0db936e82c8":{"statistic":{"failed":0,"broken":0,"skipped":0,"passed":1,"unknown":0,"total":1},"items":[{"uid":"99ff2a9c18fdeb29","status":"passed","time":{"start":1753887322308,"stop":1753887322983,"duration":675}}]},"01df123c5f5b385aadedc2065810cd33:5bd835b0d6b1d4ada3b9f0db936e82c8":{"statistic":{"failed":1,"broken":0,"skipped":0,"passed":0,"unknown":0,"total":1},"items":[{"uid":"8dc85d8f70225dbb","status":"failed","statusDetails":"Error: Timed out 5000ms waiting for expect(locator).toContainText(expected)\n\nLocator: locator('b')\nExpected string: \"Result: 0 + 1.0 =  1 (with   fraction digits)\"\nReceived string: \"Result: 0 + 1.0 =  (with   fraction digits)\"\nCall log:\n  - Expect \"toContainText\" with timeout 5000ms\n  - waiting for locator('b')\n    9 × locator resolved to <b>Result: 0 + 1.0 =  (with   fraction digits)</b>\n      - unexpected value \"Result: 0 + 1.0 =  (with   fraction digits)\"\n","time":{"start":1753886901269,"stop":1753886906877,"duration":5608}}]},"b4696d4502148c947700c7664aa4b5a4:5bd835b0d6b1d4ada3b9f0db936e82c8":{"statistic":{"failed":1,"broken":0,"skipped":0,"passed":0,"unknown":0,"total":1},"items":[{"uid":"43cd0d56a319e8bf","status":"failed","statusDetails":"Error: Timed out 5000ms waiting for expect(locator).toContainText(expected)\n\nLocator: locator('b')\nExpected string: \"Result: 8.111111111111111111111111111111 + 88888888888888888888 =  88888888888888890000 (with 30 fraction digits)\"\nReceived string: \"Result: 8.111111111111111111111111111111 + 88888888888888888888 = 8.8888888888889E+19 (with 30 fraction digits)\"\nCall log:\n  - Expect \"toContainText\" with timeout 5000ms\n  - waiting for locator('b')\n    9 × locator resolved to <b>Result: 8.111111111111111111111111111111 + 888888…</b>\n      - unexpected value \"Result: 8.111111111111111111111111111111 + 88888888888888888888 = 8.8888888888889E+19 (with 30 fraction digits)\"\n","time":{"start":1753887317227,"stop":1753887322837,"duration":5610}}]},"3dae8da2417a0cdeaae3e539c3be75fb:5bd835b0d6b1d4ada3b9f0db936e82c8":{"statistic":{"failed":0,"broken":0,"skipped":0,"passed":1,"unknown":0,"total":1},"items":[{"uid":"51133203b4945dfc","status":"passed","time":{"start":1753887315613,"stop":1753887316433,"duration":820}}]},"75680739bc020ab6ed0f218f64e9f69b:5bd835b0d6b1d4ada3b9f0db936e82c8":{"statistic":{"failed":0,"broken":0,"skipped":0,"passed":1,"unknown":0,"total":1},"items":[{"uid":"d98442310c16ba6e","status":"passed","time":{"start":1753887316629,"stop":1753887317217,"duration":588}}]},"db5890cd6bf6009f37f20f0aed11a444:5bd835b0d6b1d4ada3b9f0db936e82c8":{"statistic":{"failed":0,"broken":0,"skipped":0,"passed":1,"unknown":0,"total":1},"items":[{"uid":"41f9d424e95a52a8","status":"passed","time":{"start":1753886905710,"stop":1753886906434,"duration":724}}]},"65661c163a209588092776c0df4c9e91:5bd835b0d6b1d4ada3b9f0db936e82c8":{"statistic":{"failed":0,"broken":0,"skipped":0,"passed":1,"unknown":0,"total":1},"items":[{"uid":"bf114250a303dd6e","status":"passed","time":{"start":1753887315609,"stop":1753887316452,"duration":843}}]},"06ee292d96b70beb03ec3bfb74919060:5bd835b0d6b1d4ada3b9f0db936e82c8":{"statistic":{"failed":0,"broken":0,"skipped":0,"passed":1,"unknown":0,"total":1},"items":[{"uid":"ba415463a6fd98a0","status":"passed","time":{"start":1753887322293,"stop":1753887322958,"duration":665}}]},"449bd388a9829fdffaeaed071aa7a235:5bd835b0d6b1d4ada3b9f0db936e82c8":{"statistic":{"failed":1,"broken":0,"skipped":0,"passed":0,"unknown":0,"total":1},"items":[{"uid":"5a7c277519574645","status":"failed","statusDetails":"Error: Timed out 5000ms waiting for expect(locator).toContainText(expected)\n\nLocator: locator('b')\nExpected string: \"Result: 100 + 88888888888888888888 =  88888888888888890000 (with  fraction digits)\"\nReceived string: \"Result: 100 + 88888888888888888888 =  (with  fraction digits)\"\nCall log:\n  - Expect \"toContainText\" with timeout 5000ms\n  - waiting for locator('b')\n    9 × locator resolved to <b>Result: 100 + 88888888888888888888 =  (with  frac…</b>\n      - unexpected value \"Result: 100 + 88888888888888888888 =  (with  fraction digits)\"\n","time":{"start":1753887315551,"stop":1753887321521,"duration":5970}}]},"cccb66205e2fbd08621dc328b2865c73:5bd835b0d6b1d4ada3b9f0db936e82c8":{"statistic":{"failed":1,"broken":0,"skipped":0,"passed":0,"unknown":0,"total":1},"items":[{"uid":"a20b806edacc27e4","status":"failed","statusDetails":"Error: Timed out 5000ms waiting for expect(locator).toContainText(expected)\n\nLocator: locator('b')\nExpected string: \"Result: 0 + 1.0 =  1 (with  fraction digits)\"\nReceived string: \"Result: 0 + 1.0 =  (with  fraction digits)\"\nCall log:\n  - Expect \"toContainText\" with timeout 5000ms\n  - waiting for locator('b')\n    9 × locator resolved to <b>Result: 0 + 1.0 =  (with  fraction digits)</b>\n      - unexpected value \"Result: 0 + 1.0 =  (with  fraction digits)\"\n","time":{"start":1753887317841,"stop":1753887323417,"duration":5576}}]},"b20a26e343fd6a184c176e8e5ce0807a:5bd835b0d6b1d4ada3b9f0db936e82c8":{"statistic":{"failed":1,"broken":0,"skipped":0,"passed":0,"unknown":0,"total":1},"items":[{"uid":"ae3ba7ef704e2f73","status":"failed","statusDetails":"Error: Timed out 5000ms waiting for expect(locator).toContainText(expected)\n\nLocator: locator('b')\nExpected string: \"Result:  +  =  (with 10 fraction digits)\"\nReceived string: \"Result:  +  = 0 (with 10 fraction digits)\"\nCall log:\n  - Expect \"toContainText\" with timeout 5000ms\n  - waiting for locator('b')\n    9 × locator resolved to <b>Result:  +  = 0 (with 10 fraction digits)</b>\n      - unexpected value \"Result:  +  = 0 (with 10 fraction digits)\"\n","time":{"start":1753887315606,"stop":1753887321446,"duration":5840}}]},"8df09502a787d6469c292ae546e6e5a4:5bd835b0d6b1d4ada3b9f0db936e82c8":{"statistic":{"failed":1,"broken":0,"skipped":0,"passed":0,"unknown":0,"total":1},"items":[{"uid":"93a712e42854f04d","status":"failed","statusDetails":"Error: Timed out 5000ms waiting for expect(locator).toContainText(expected)\n\nLocator: locator('b')\nExpected string: \"Result:   +   =  (with 10 fraction digits)\"\nReceived string: \"Result:   +   = 0 (with 10 fraction digits)\"\nCall log:\n  - Expect \"toContainText\" with timeout 5000ms\n  - waiting for locator('b')\n    9 × locator resolved to <b>Result:   +   = 0 (with 10 fraction digits)</b>\n      - unexpected value \"Result:   +   = 0 (with 10 fraction digits)\"\n","time":{"start":1753886899031,"stop":1753886904917,"duration":5886}}]},