{"09ae2e079b412b76c48cb4334a38e8b3:5bd835b0d6b1d4ada3b9f0db936e82c8":{"statistic":{"failed":0,"broken":0,"skipped":0,"passed":1,"unknown":0,"total":1},"items":[{"uid":"c6ad414a37cf001b","status":"passed","time":{"start":1753891145017,"stop":1753891145840,"duration":823}}]},"5874adc87675e7583b01b46481012c36:5bd835b0d6b1d4ada3b9f0db936e82c8":{"statistic":{"failed":0,"broken":0,"skipped":0,"passed":1,"unknown":0,"total":1},"items":[{"uid":"2ff570f0e942d864","status":"passed","time":{"start":1753888313809,"stop":1753888314377,"duration":568}}]},"e15f96a382cad6d74c3edc23b36b6921:5bd835b0d6b1d4ada3b9f0db936e82c8":{"statistic":{"failed":1,"broken":0,"skipped":0,"passed":0,"unknown":0,"total":1},"items":[{"uid":"3768ff995897a1d2","status":"failed","statusDetails":"Error: Timed out 5000ms waiting for expect(locator).toContainText(expected)\n\nLocator: locator('b')\nExpected string: \"Result: 1 - -14.000000000000001 =  15.000000000000002 (with 15 fraction digits)\"\nReceived string: \"Result: 1 - -14.000000000000001 = 15 (with 15 fraction digits)\"\nCall log:\n  - Expect \"toContainText\" with timeout 5000ms\n  - waiting for locator('b')\n    9 × locator resolved to <b>Result: 1 - -14.000000000000001 = 15 (with 15 fra…</b>\n      - unexpected value \"Result: 1 - -14.000000000000001 = 15 (with 15 fraction digits)\"\n","time":{"start":1753889266437,"stop":1753889272204,"duration":5767}}]},"623336f18ac08a74562ce332d2790640:5bd835b0d6b1d4ada3b9f0db936e82c8":{"statistic":{"failed":0,"broken":0,"skipped":0,"passed":1,"unknown":0,"total":1},"items":[{"uid":"683fc337ffda98b7","status":"passed","time":{"start":1753891145015,"stop":1753891145876,"duration":861}}]},"b4696d4502148c947700c7664aa4b5a4:5bd835b0d6b1d4ada3b9f0db936e82c8":{"statistic":{"failed":1,"broken":0,"skipped":0,"passed":0,"unknown":0,"total":1},"items":[{"uid":"7bb4417c77b39742","status":"failed","statusDetails":"Error: Timed out 5000ms waiting for expect(locator).toContainText(expected)\n\nLocator: locator('b')\nExpected string: \"Result: 8.111111111111111111111111111111 + 88888888888888888888 =  88888888888888890000 (with 30 fraction digits)\"\nReceived string: \"Result: 8.111111111111111111111111111111 + 88888888888888888888 = 8.8888888888889E+19 (with 30 fraction digits)\"\nCall log:\n  - Expect \"toContainText\" with timeout 5000ms\n  - waiting for locator('b')\n    9 × locator resolved to <b>Result: 8.111111111111111111111111111111 + 888888…</b>\n      - unexpected value \"Result: 8.111111111111111111111111111111 + 88888888888888888888 = 8.8888888888889E+19 (with 30 fraction digits)\"\n","time":{"start":1753888312057,"stop":1753888317675,"duration":5618}}]},"3dae8da2417a0cdeaae3e539c3be75fb:5bd835b0d6b1d4ada3b9f0db936e82c8":{"statistic":{"failed":0,"broken":0,"skipped":0,"passed":1,"unknown":0,"total":1},"items":[{"uid":"72935ca74b79fe0e","status":"passed","time":{"start":1753888310971,"stop":1753888311835,"duration":864}}]},"75680739bc020ab6ed0f218f64e9f69b:5bd835b0d6b1d4ada3b9f0db936e82c8":{"statistic":{"failed":0,"broken":0,"skipped":0,"passed":1,"unknown":0,"total":1},"items":[{"uid":"482ec9a07c829e54","status":"passed","time":{"start":1753888312046,"stop":1753888312590,"duration":544}}]},"06ee292d96b70beb03ec3bfb74919060:5bd835b0d6b1d4ada3b9f0db936e82c8":{"statistic":{"failed":0,"broken":0,"skipped":0,"passed":1,"unknown":0,"total":1},"items":[{"uid":"1418653facc971ca","status":"passed","time":{"start":1753888313176,"stop":1753888313795,"duration":619}}]},"449bd388a9829fdffaeaed071aa7a235:5bd835b0d6b1d4ada3b9f0db936e82c8":{"statistic":{"failed":1,"broken":0,"skipped":0,"passed":0,"unknown":0,"total":1},"items":[{"uid":"9577f326b34c83fc","status":"failed","statusDetails":"Error: Timed out 5000ms waiting for expect(locator).toContainText(expected)\n\nLocator: locator('b')\nExpected string: \"Result: 100 + 88888888888888888888 =  88888888888888890000 (with  fraction digits)\"\nReceived string: \"Result: 100 + 88888888888888888888 =  (with  fraction digits)\"\nCall log:\n  - Expect \"toContainText\" with timeout 5000ms\n  - waiting for locator('b')\n    9 × locator resolved to <b>Result: 100 + 88888888888888888888 =  (with  frac…</b>\n      - unexpected value \"Result: 100 + 88888888888888888888 =  (with  fraction digits)\"\n","time":{"start":1753888310953,"stop":1753888316932,"duration":5979}}]},"c608efadcbe4fef03f47b091ebc2b95e:5bd835b0d6b1d4ada3b9f0db936e82c8":{"statistic":{"failed":0,"broken":0,"skipped":0,"passed":1,"unknown":0,"total":1},"items":[{"uid":"4225775ebdaab9ff","status":"passed","time":{"start":1753891145025,"stop":1753891145902,"duration":877}}]},"bb853463506cd1bb4b1fc1d279abca68:5bd835b0d6b1d4ada3b9f0db936e82c8":{"statistic":{"failed":1,"broken":0,"skipped":0,"passed":0,"unknown":0,"total":1},"items":[{"uid":"53bb8bd534405c9d","status":"failed","statusDetails":"Error: Timed out 5000ms waiting for expect(locator).toContainText(expected)\n\nLocator: locator('b')\nExpected string: \"Result:  - 2/1 =  -2 (with  fraction digits)\"\nReceived string: \"Result:  - 2/1 =  (with  fraction digits)\"\nCall log:\n  - Expect \"toContainText\" with timeout 5000ms\n  - waiting for locator('b')\n    9 × locator resolved to <b>Result:  - 2/1 =  (with  fraction digits)</b>\n      - unexpected value \"Result:  - 2/1 =  (with  fraction digits)\"\n","time":{"start":1753889266448,"stop":1753889272134,"duration":5686}}]},"768495efdfd593eadcf5f6bda5e4f027:5bd835b0d6b1d4ada3b9f0db936e82c8":{"statistic":{"failed":1,"broken":0,"skipped":0,"passed":0,"unknown":0,"total":1},"items":[{"uid":"6754d0e6e4463e49","status":"failed","statusDetails":"Error: Timed out 5000ms waiting for expect(locator).toContainText(expected)\n\nLocator: locator('b')\nExpected string: \"Result: 100 + 88888888888888888888 =  88888888888888890000 (with   fraction digits)\"\nReceived string: \"Result: 100 + 88888888888888888888 =  (with   fraction digits)\"\nCall log:\n  - Expect \"toContainText\" with timeout 5000ms\n  - waiting for locator('b')\n    9 × locator resolved to <b>Result: 100 + 88888888888888888888 =  (with   fra…</b>\n      - unexpected value \"Result: 100 + 88888888888888888888 =  (with   fraction digits)\"\n","time":{"start":1753886899045,"stop":1753886904938,"duration":5893}}]},"b3ca559b28282b91e53842679dc36d89:5bd835b0d6b1d4ada3b9f0db936e82c8":{"statistic":{"failed":0,"broken":0,"skipped":0,"passed":1,"unknown":0,"total":1},"items":[{"uid":"be57769e1967fba4","status":"passed","time":{"start":1753888312591,"stop":1753888313172,"duration":581}}]},"54d1dfdf7e7eb3dbbcfa8cf1b4cc6905:5bd835b0d6b1d4ada3b9f0db936e82c8":{"statistic":{"failed":0,"broken":0,"skipped":0,"passed":1,"unknown":0,"total":1},"items":[{"uid":"a9e699155943a5c9","status":"passed","time":{"start":1753888312051,"stop":1753888312629,"duration":578}}]},"48286805d5a64b04d628c21223afa599:5bd835b0d6b1d4ada3b9f0db936e82c8":{"statistic":{"failed":0,"broken":1,"skipped":0,"passed":0,"unknown":0,"total":1},"items":[{"uid":"df4c7335b52fb60","status":"broken","statusDetails":"Test timeout of 30000ms exceeded.","time":{"start":1753891146028,"stop":1753891176070,"duration":30042}}]},"c7c8578be3f89447179b90044ba22b77:5bd835b0d6b1d4ada3b9f0db936e82c8":{"statistic":{"failed":0,"broken":0,"skipped":0,"passed":1,"unknown":0,"total":1},"items":[{"uid":"372108306cbae6c2","status":"passed","time":{"start":1753891145008,"stop":1753891145870,"duration":862}}]},"b513d2fa87164786442dd1c23b3e2939:5bd835b0d6b1d4ada3b9f0db936e82c8":{"statistic":{"failed":0,"broken":0,"skipped":0,"passed":1,"unknown":0,"total":1},"items":[{"uid":"47ea8df41d3353c1","status":"passed","time":{"start":1753891145009,"stop":1753891145871,"duration":862}}]},"7eec00cfbd19cf9b2739279b24bdf961:5bd835b0d6b1d4ada3b9f0db936e82c8":{"statistic":{"failed":0,"broken":0,"skipped":0,"passed":1,"unknown":0,"total":1},"items":[{"uid":"d1ed91641e9b277f","status":"passed","time":{"start":1753891146036,"stop":1753891146584,"duration":548}}]},